DROP TABLE IF EXISTS "Account";
CREATE TABLE `Account` (`accountID` INTEGER PRIMARY KEY ,`accountPrivilegeID` INTEGER,`firstName` VARCHAR DEFAULT (null) ,`account` VARCHAR,`pass` VARCHAR,`operatorNo` VARCHAR,`accountPhoto` VARCHAR, `lastName` VARCHAR, `sync` BOOL DEFAULT true, `phoneID` INTEGER);
INSERT INTO "Account" VALUES(1,1,'2','13888888888','7C4A8D09CA3762AF61E59520943DC26494F8941B','1',NULL,'Test','true',3);
DROP TABLE IF EXISTS "AccountPrivilege";
CREATE TABLE `AccountPrivilege` (`accountPrivilegeID` INTEGER primary key, `name` VARCHAR, `value` INTEGER );
DROP TABLE IF EXISTS "Address";
CREATE TABLE `Address` (`addressID` INTEGER primary key autoincrement, `addressInfo` VARCHAR, `longitude` INTEGER ,`latitude` INTEGER);
DROP TABLE IF EXISTS "BankCard";
CREATE TABLE `BankCard` (`bankCardId` INTEGER primary key autoincrement, `bankCardNo` VARCHAR, `validThrough` VARCHAR, `cardOwnerName` VARCHAR );
DROP TABLE IF EXISTS "Onsale";
CREATE TABLE `Onsale` (`onsaleID` INTEGER primary key autoincrement, `onsaleType` INTEGER, `onsaleName` VARCHAR, `value` VARCHAR , `enable` INTEGER, `syncFlag` INTEGER);
DROP TABLE IF EXISTS "OrderContent";
CREATE TABLE `OrderContent` (`orderContentID` INTEGER primary key autoincrement, `productID` INTEGER, `orderID` INTEGER, `count` INTEGER, `price` VARCHAR);
DROP TABLE IF EXISTS "OrderContentRemark";
CREATE TABLE `OrderContentRemark` (`orderContentID` INTEGER , `remark` VARCHAR );
DROP TABLE IF EXISTS "OrderContentToAttribute";
CREATE TABLE `OrderContentToAttribute` (`orderContentID` INTEGER, `productSubAttributeId` INTEGER, `price` VARCHAR);
DROP TABLE IF EXISTS "OrderContentToOnsale";
CREATE TABLE `OrderContentToOnsale` (`orderContentID` INTEGER , `onsaleID` INTEGER, `value` VARCHAR );
DROP TABLE IF EXISTS "OrderCustomerInfo";
CREATE TABLE `OrderCustomerInfo` (`orderProcessId` INTEGER primary key, `bankCardId` INTEGER, `signature` VARCHAR, `telephoneNo` VARCHAR, `emailInfo` VARCHAR );
DROP TABLE IF EXISTS "OrderProcess";
CREATE TABLE `OrderProcess` (`orderProcessId` INTEGER primary key autoincrement, `OrderProcessModeId` INTEGER, `orderID` INTEGER, `addressID` INTEGER , `createTime` VARCHAR , `traceNo` VARCHAR,  `referenceNo` VARCHAR, `authorizationNo` VARCHAR, `clearingDate` VARCHAR, `ackNo` VARCHAR, `price` VARCHAR, `issuerbankid` VARCHAR, `acqbank` VARCHAR, `batchid` VARCHAR);
DROP TABLE IF EXISTS "OrderProcessMode";
CREATE TABLE `OrderProcessMode` (`OrderProcessModeId` INTEGER primary key autoincrement, `name` VARCHAR, `value` INTEGER);
DROP TABLE IF EXISTS "OrderRemark";
CREATE TABLE `OrderRemark` (`orderID` INTEGER , `remark` VARCHAR , `sitindex` VARCHAR);
DROP TABLE IF EXISTS "OrderStatus";
CREATE TABLE `OrderStatus` (`orderStatusID` INTEGER primary key, `name` VARCHAR, `value` INTEGER);
DROP TABLE IF EXISTS "OrderToAccount";
CREATE TABLE `OrderToAccount` (`orderID` INTEGER PRIMARY KEY  NOT NULL  UNIQUE , `accountName` VARCHAR);
DROP TABLE IF EXISTS "OrderToOnsale";
CREATE TABLE `OrderToOnsale` (`orderID` INTEGER,`onsaleID` INTEGER, `value` VARCHAR );
DROP TABLE IF EXISTS "Orders";
CREATE TABLE `Orders` (`orderID` INTEGER PRIMARY KEY autoincrement, `billNo` VARCHAR ,`orderStatusID` INTEGER, `createTime` INTEGER , `modifyTime` INTEGER , `syncFlag` INTEGER);
DROP TABLE IF EXISTS "OrdersToPaymentType";
CREATE TABLE `OrdersToPaymentType` (`orderID` INTEGER primary key, `paymentTypeID` INTEGER, `amount` VARCHAR);
DROP TABLE IF EXISTS "PaymentType";
CREATE TABLE `PaymentType` (`paymentTypeID` INTEGER primary key autoincrement, `name` VARCHAR , `value` VARCHAR);
DROP TABLE IF EXISTS "Product";
CREATE TABLE `Product` (`productID` INTEGER primary key, `name` VARCHAR, `productPhoto` VARCHAR, `price` VARCHAR, `productCategoryID` INTEGER, `enable` INTEGER, "syncFlag" INTEGER DEFAULT 0);
DROP TABLE IF EXISTS "ProductAttribute";
CREATE TABLE "ProductAttribute" ("productAttributeID" INTEGER PRIMARY KEY ,"name" VARCHAR,"choiceType" INTEGER , "defaultChoice" INTEGER , `enable` INTEGER, "syncFlag" INTEGER DEFAULT 0);
DROP TABLE IF EXISTS "ProductCategory";
CREATE TABLE `ProductCategory` (`productCategoryID` INTEGER primary key not null, `name` VARCHAR , `enable` INTEGER, "syncFlag" INTEGER DEFAULT 0);
DROP TABLE IF EXISTS "ProductPinyin";
CREATE TABLE `ProductPinyin`  (`productId` INTEGER primary key , `productCategoryID` INTEGER ,`productName` VARCHAR, `firstChar` VARCHAR,`firstCharStr` VARCHAR, `allStr` VARCHAR, `enable` INTEGER );
INSERT INTO "ProductPinyin" VALUES(1,1,'茉香奶茶','M',NULL,NULL,1);
INSERT INTO "ProductPinyin" VALUES(2,1,'英式奶茶','Y',NULL,NULL,1);
INSERT INTO "ProductPinyin" VALUES(3,1,'珍珠奶茶','Z',NULL,NULL,1);
INSERT INTO "ProductPinyin" VALUES(4,1,'胚芽奶茶','P',NULL,NULL,1);
INSERT INTO "ProductPinyin" VALUES(5,1,'椰果奶茶','Y',NULL,NULL,1);
INSERT INTO "ProductPinyin" VALUES(6,1,'布丁奶茶','B',NULL,NULL,1);
INSERT INTO "ProductPinyin" VALUES(7,1,'红豆奶茶','H',NULL,NULL,1);
INSERT INTO "ProductPinyin" VALUES(8,1,'焦糖奶茶','J',NULL,NULL,1);
INSERT INTO "ProductPinyin" VALUES(9,1,'仙草冻奶茶','X',NULL,NULL,1);
INSERT INTO "ProductPinyin" VALUES(10,1,'三丁奶茶','S',NULL,NULL,1);
INSERT INTO "ProductPinyin" VALUES(11,1,'招牌港式奶茶','Z',NULL,NULL,1);
INSERT INTO "ProductPinyin" VALUES(12,1,'鸳鸯奶茶','Y',NULL,NULL,1);
INSERT INTO "ProductPinyin" VALUES(13,2,'抹茶椰果','M',NULL,NULL,1);
INSERT INTO "ProductPinyin" VALUES(14,2,'抹茶布丁','M',NULL,NULL,1);
INSERT INTO "ProductPinyin" VALUES(15,2,'抹茶红豆','M',NULL,NULL,1);
INSERT INTO "ProductPinyin" VALUES(16,3,'抹香鲜绿茶','M',NULL,NULL,1);
INSERT INTO "ProductPinyin" VALUES(17,3,'鲜红茶','X',NULL,NULL,1);
INSERT INTO "ProductPinyin" VALUES(18,3,'金菊茶','J',NULL,NULL,1);
INSERT INTO "ProductPinyin" VALUES(19,3,'菊芒多多','J',NULL,NULL,1);
INSERT INTO "ProductPinyin" VALUES(20,3,'草莓暖姜芦荟','C',NULL,NULL,1);
INSERT INTO "ProductPinyin" VALUES(21,3,'芒果绿茶','M',NULL,NULL,1);
INSERT INTO "ProductPinyin" VALUES(22,3,'韩式柚子茶','H',NULL,NULL,1);
INSERT INTO "ProductPinyin" VALUES(23,3,'芦荟雪梨茶','L',NULL,NULL,1);
INSERT INTO "ProductPinyin" VALUES(24,3,'双莓双响炮','S',NULL,NULL,1);
INSERT INTO "ProductPinyin" VALUES(25,4,'鲜柠檬绿茶','X',NULL,NULL,1);
INSERT INTO "ProductPinyin" VALUES(26,4,'鲜柠檬红茶','X',NULL,NULL,1);
INSERT INTO "ProductPinyin" VALUES(27,4,'益酸菌绿茶','Y',NULL,NULL,1);
INSERT INTO "ProductPinyin" VALUES(28,4,'蓝莓鲜果茶','L',NULL,NULL,1);
INSERT INTO "ProductPinyin" VALUES(29,4,'百香果酸奶冰','B',NULL,NULL,1);
INSERT INTO "ProductPinyin" VALUES(30,4,'百香果鲜果茶','B',NULL,NULL,1);
INSERT INTO "ProductPinyin" VALUES(31,4,'草莓酸奶冰','C',NULL,NULL,1);
INSERT INTO "ProductPinyin" VALUES(32,4,'草莓雪泥','C',NULL,NULL,1);
INSERT INTO "ProductPinyin" VALUES(33,4,'鲜榨西瓜汁','X',NULL,NULL,1);
INSERT INTO "ProductPinyin" VALUES(34,5,'豆浆（小）','D',NULL,NULL,1);
INSERT INTO "ProductPinyin" VALUES(35,5,'豆浆（大）','D',NULL,NULL,1);
INSERT INTO "ProductPinyin" VALUES(36,5,'小杯咖啡','X',NULL,NULL,1);
INSERT INTO "ProductPinyin" VALUES(37,5,'小杯红茶','X',NULL,NULL,1);
INSERT INTO "ProductPinyin" VALUES(38,5,'三丁包','S',NULL,NULL,1);
INSERT INTO "ProductPinyin" VALUES(39,5,'鲜肉包','X',NULL,NULL,1);
INSERT INTO "ProductPinyin" VALUES(40,5,'鲜肉青菜包','X',NULL,NULL,1);
INSERT INTO "ProductPinyin" VALUES(41,5,'豆沙包','D',NULL,NULL,1);
INSERT INTO "ProductPinyin" VALUES(42,5,'青菜包','Q',NULL,NULL,1);
INSERT INTO "ProductPinyin" VALUES(43,5,'梅干菜包','M',NULL,NULL,1);
INSERT INTO "ProductPinyin" VALUES(44,5,'萝卜丝包','L',NULL,NULL,1);
INSERT INTO "ProductPinyin" VALUES(45,6,'美式咖啡','M',NULL,NULL,1);
INSERT INTO "ProductPinyin" VALUES(46,6,'焦糖咖啡','J',NULL,NULL,1);
DROP TABLE IF EXISTS "ProductSubAttribute";
CREATE TABLE `ProductSubAttribute` (`productSubAttributeId` INTEGER primary key not null, `productAttributeID` INTEGER, `name` VARCHAR, `priceAffect` VARCHAR, `enable` INTEGER, "syncFlag" INTEGER DEFAULT 0);
INSERT INTO "ProductSubAttribute" VALUES(1,1,'冰','0',1,1);
INSERT INTO "ProductSubAttribute" VALUES(2,1,'去冰','0',1,1);
INSERT INTO "ProductSubAttribute" VALUES(3,1,'少冰','0',1,1);
INSERT INTO "ProductSubAttribute" VALUES(4,1,'常温','0',1,1);
INSERT INTO "ProductSubAttribute" VALUES(5,1,'加热','0',1,1);
INSERT INTO "ProductSubAttribute" VALUES(6,2,'无糖','0',1,1);
INSERT INTO "ProductSubAttribute" VALUES(7,2,'3分糖','0',1,1);
INSERT INTO "ProductSubAttribute" VALUES(8,2,'半糖','0',1,1);
INSERT INTO "ProductSubAttribute" VALUES(9,2,'全糖','0',1,1);
INSERT INTO "ProductSubAttribute" VALUES(10,3,'不加','0',1,0);
INSERT INTO "ProductSubAttribute" VALUES(11,3,'珍珠','1',1,0);
INSERT INTO "ProductSubAttribute" VALUES(12,3,'椰果','1',1,0);
INSERT INTO "ProductSubAttribute" VALUES(13,3,'仙草','2',1,0);
INSERT INTO "ProductSubAttribute" VALUES(14,3,'布丁','2',1,0);
INSERT INTO "ProductSubAttribute" VALUES(15,3,'红豆','2',1,0);
INSERT INTO "ProductSubAttribute" VALUES(16,4,'冰','0',1,1);
INSERT INTO "ProductSubAttribute" VALUES(17,4,'去冰','0',1,1);
INSERT INTO "ProductSubAttribute" VALUES(18,4,'少冰','0',1,1);
DROP TABLE IF EXISTS "ProductToAttribute";
CREATE TABLE `ProductToAttribute` (`productID` INTEGER , `productAttributeID` VARCHAR , `enable` INTEGER);
INSERT INTO "ProductToAttribute" VALUES(1,'4',1);
INSERT INTO "ProductToAttribute" VALUES(2,'4',1);
INSERT INTO "ProductToAttribute" VALUES(3,'4',1);
INSERT INTO "ProductToAttribute" VALUES(4,'4',1);
INSERT INTO "ProductToAttribute" VALUES(5,'4',1);
INSERT INTO "ProductToAttribute" VALUES(6,'4',1);
INSERT INTO "ProductToAttribute" VALUES(7,'4',1);
INSERT INTO "ProductToAttribute" VALUES(8,'4',1);
INSERT INTO "ProductToAttribute" VALUES(9,'4',1);
INSERT INTO "ProductToAttribute" VALUES(10,'4',1);
INSERT INTO "ProductToAttribute" VALUES(11,'4',1);
INSERT INTO "ProductToAttribute" VALUES(12,'4',1);
INSERT INTO "ProductToAttribute" VALUES(1,'3',1);
INSERT INTO "ProductToAttribute" VALUES(2,'3',1);
INSERT INTO "ProductToAttribute" VALUES(3,'3',1);
INSERT INTO "ProductToAttribute" VALUES(4,'3',1);
INSERT INTO "ProductToAttribute" VALUES(5,'3',1);
INSERT INTO "ProductToAttribute" VALUES(6,'3',1);
INSERT INTO "ProductToAttribute" VALUES(7,'3',1);
INSERT INTO "ProductToAttribute" VALUES(8,'3',1);
INSERT INTO "ProductToAttribute" VALUES(9,'3',1);
INSERT INTO "ProductToAttribute" VALUES(10,'3',1);
INSERT INTO "ProductToAttribute" VALUES(11,'3',1);
INSERT INTO "ProductToAttribute" VALUES(12,'3',1);
INSERT INTO "ProductToAttribute" VALUES(1,'1',1);
INSERT INTO "ProductToAttribute" VALUES(2,'1',1);
INSERT INTO "ProductToAttribute" VALUES(3,'1',1);
INSERT INTO "ProductToAttribute" VALUES(4,'1',1);
INSERT INTO "ProductToAttribute" VALUES(5,'1',1);
INSERT INTO "ProductToAttribute" VALUES(6,'1',1);
INSERT INTO "ProductToAttribute" VALUES(7,'1',1);
INSERT INTO "ProductToAttribute" VALUES(8,'1',1);
INSERT INTO "ProductToAttribute" VALUES(9,'1',1);
INSERT INTO "ProductToAttribute" VALUES(10,'1',1);
INSERT INTO "ProductToAttribute" VALUES(11,'1',1);
INSERT INTO "ProductToAttribute" VALUES(12,'1',1);
INSERT INTO "ProductToAttribute" VALUES(13,'4',1);
INSERT INTO "ProductToAttribute" VALUES(14,'4',1);
INSERT INTO "ProductToAttribute" VALUES(15,'4',1);
INSERT INTO "ProductToAttribute" VALUES(13,'3',1);
INSERT INTO "ProductToAttribute" VALUES(14,'3',1);
INSERT INTO "ProductToAttribute" VALUES(15,'3',1);
INSERT INTO "ProductToAttribute" VALUES(13,'1',1);
INSERT INTO "ProductToAttribute" VALUES(14,'1',1);
INSERT INTO "ProductToAttribute" VALUES(15,'1',1);
INSERT INTO "ProductToAttribute" VALUES(16,'4',1);
INSERT INTO "ProductToAttribute" VALUES(17,'4',1);
INSERT INTO "ProductToAttribute" VALUES(18,'4',1);
INSERT INTO "ProductToAttribute" VALUES(19,'4',1);
INSERT INTO "ProductToAttribute" VALUES(20,'4',1);
INSERT INTO "ProductToAttribute" VALUES(21,'4',1);
INSERT INTO "ProductToAttribute" VALUES(22,'4',1);
INSERT INTO "ProductToAttribute" VALUES(23,'4',1);
INSERT INTO "ProductToAttribute" VALUES(24,'4',1);
INSERT INTO "ProductToAttribute" VALUES(16,'3',1);
INSERT INTO "ProductToAttribute" VALUES(17,'3',1);
INSERT INTO "ProductToAttribute" VALUES(18,'3',1);
INSERT INTO "ProductToAttribute" VALUES(19,'3',1);
INSERT INTO "ProductToAttribute" VALUES(20,'3',1);
INSERT INTO "ProductToAttribute" VALUES(21,'3',1);
INSERT INTO "ProductToAttribute" VALUES(22,'3',1);
INSERT INTO "ProductToAttribute" VALUES(23,'3',1);
INSERT INTO "ProductToAttribute" VALUES(24,'3',1);
INSERT INTO "ProductToAttribute" VALUES(16,'1',1);
INSERT INTO "ProductToAttribute" VALUES(17,'1',1);
INSERT INTO "ProductToAttribute" VALUES(18,'1',1);
INSERT INTO "ProductToAttribute" VALUES(19,'1',1);
INSERT INTO "ProductToAttribute" VALUES(20,'1',1);
INSERT INTO "ProductToAttribute" VALUES(21,'1',1);
INSERT INTO "ProductToAttribute" VALUES(22,'1',1);
INSERT INTO "ProductToAttribute" VALUES(23,'1',1);
INSERT INTO "ProductToAttribute" VALUES(24,'1',1);
INSERT INTO "ProductToAttribute" VALUES(25,'3',1);
INSERT INTO "ProductToAttribute" VALUES(26,'3',1);
INSERT INTO "ProductToAttribute" VALUES(27,'3',1);
INSERT INTO "ProductToAttribute" VALUES(28,'3',1);
INSERT INTO "ProductToAttribute" VALUES(29,'3',1);
INSERT INTO "ProductToAttribute" VALUES(30,'3',1);
INSERT INTO "ProductToAttribute" VALUES(31,'3',1);
INSERT INTO "ProductToAttribute" VALUES(32,'3',1);
INSERT INTO "ProductToAttribute" VALUES(33,'3',1);
INSERT INTO "ProductToAttribute" VALUES(25,'1',1);
INSERT INTO "ProductToAttribute" VALUES(26,'1',1);
INSERT INTO "ProductToAttribute" VALUES(27,'1',1);
INSERT INTO "ProductToAttribute" VALUES(28,'1',1);
INSERT INTO "ProductToAttribute" VALUES(29,'1',1);
INSERT INTO "ProductToAttribute" VALUES(30,'1',1);
INSERT INTO "ProductToAttribute" VALUES(31,'1',1);
INSERT INTO "ProductToAttribute" VALUES(32,'1',1);
INSERT INTO "ProductToAttribute" VALUES(33,'1',1);
INSERT INTO "ProductToAttribute" VALUES(25,'2',1);
INSERT INTO "ProductToAttribute" VALUES(26,'2',1);
INSERT INTO "ProductToAttribute" VALUES(27,'2',1);
INSERT INTO "ProductToAttribute" VALUES(28,'2',1);
INSERT INTO "ProductToAttribute" VALUES(29,'2',1);
INSERT INTO "ProductToAttribute" VALUES(30,'2',1);
INSERT INTO "ProductToAttribute" VALUES(31,'2',1);
INSERT INTO "ProductToAttribute" VALUES(32,'2',1);
INSERT INTO "ProductToAttribute" VALUES(33,'2',1);
INSERT INTO "ProductToAttribute" VALUES(47,'1',1);
INSERT INTO "ProductToAttribute" VALUES(48,'4',1);
INSERT INTO "ProductToAttribute" VALUES(48,'1',1);
INSERT INTO "ProductToAttribute" VALUES(49,'4',1);
INSERT INTO "ProductToAttribute" VALUES(49,'1',1);
INSERT INTO "ProductToAttribute" VALUES(50,'4',1);
INSERT INTO "ProductToAttribute" VALUES(50,'1',1);
INSERT INTO "ProductToAttribute" VALUES(51,'4',1);
INSERT INTO "ProductToAttribute" VALUES(51,'1',1);
INSERT INTO "ProductToAttribute" VALUES(52,'4',1);
INSERT INTO "ProductToAttribute" VALUES(52,'1',1);
INSERT INTO "ProductToAttribute" VALUES(52,'3',1);
DROP TABLE IF EXISTS "ReverseAttribute";
CREATE TABLE `ReverseAttribute` (`reverseAttrId` INTEGER primary key autoincrement, `OrderProcessModeId` INTEGER ,`traceNo` VARCHAR , `authorizationNo` VARCHAR, `price` VARCHAR, `reason` VARCHAR, `icf55` BLOB, `icf55len` INTEGER, `icpan` VARCHAR, `icdate` VARCHAR, `iccsn` VARCHAR);
DROP TABLE IF EXISTS "Settings";
CREATE TABLE `Settings` (`cynovoServerDomain` CHAR, `cynovoServerPort` CHAR, `cardInfoLinkIP` CHAR, `cardInfoLinkPort` CHAR, `serialNumber` CHAR, `traceNo` CHAR);
INSERT INTO "Settings" VALUES('192.168.1.20','80','211.147.64.198','5801','000001','000001');
DROP TABLE IF EXISTS "Store";
CREATE TABLE `Store` (`storeID` INTEGER,`storeName` VARCHAR, `storeAddressID` INTEGER, `storePhoto` INTEGER, `companyAddressID` INTEGER,`companyName` VARCHAR, `companyPhoto` VARCHAR, `nickName` VARCHAR, `address` VARCHAR,`companyAddress` VARCHAR);
INSERT INTO "Store" VALUES(0,'',0,'',0,'','','','','');
DROP TABLE IF EXISTS "android_metadata";
CREATE TABLE android_metadata (locale TEXT);
INSERT INTO "android_metadata" VALUES('zh_CN');
DROP TABLE IF EXISTS "card";
CREATE TABLE `card` (`id` INTEGER PRIMARY KEY  AUTOINCREMENT  NOT NULL , `card_no` VARCHAR NOT NULL , `member_no` INTEGER NOT NULL , `type_id` INTEGER, `balance` FLOAT, `onsale` FLOAT, `dead_line` DATETIME, `remark` VARCHAR);
DROP TABLE IF EXISTS "membership";
CREATE TABLE `membership` (`card_no` INTEGER PRIMARY KEY  NOT NULL , `shop_id` INTEGER NOT NULL , `name` VARCHAR NOT NULL , `phone` VARCHAR NOT NULL  UNIQUE );